s_no,comment,sentiment
1,If it is 20 lakhs in india my side give a big thums down for say NO,Neutral
2,Oh My!!! Physical Buttons. So Happy ðŸŽŠ,Positive
3,Why no diesel?,Neutral
4,The original is bck,Positive
5,"You will lose out on customers if you donâ€™t provide ventilated seats, especially in the Indian market.",Neutral
6,"It's half way already 2025, and still it did not launch. These companies do not launch on time when market is very much ready, delay it so much and launch after people move away from that market, and cry for not getting good sales. No wonder these companies are not surviving in India",Positive
7,No sunroof ðŸ˜¢ðŸ˜¢,Neutral
8,Wish it would come with a 4x4 drivetrain,Neutral
9,2025 festival season already started still not seeing any symptom for duster india,Neutral
10,India renault is slowest new duster sold out,Positive
11,The car tail light is bull shit,Neutral
12,If they come with good warranty and price and mileage they will win,Positive
13,Shouldn't have let out the diesel,Neutral
14,Strong Hybrid Engine | Plugin Hybrid Engine | Hydrogen Fuel Cell Engine  This above steps are future not EV,Positive
15,Does it have a hard clutch like it's big brother ðŸ˜‚ðŸ˜‚ðŸ˜‚,Negative
16,On Road price,Neutral
17,"Suggestions for Renault executives and directors if they see this comment:  You'll have to give good build quality with 4-5 stars global ratings.  The interior looks cheap, please make interiors looks premium like Hyundai Creta top edition  I heard in other reviews that the infotainment system doesn't seem to have good processor and memory. It felt laggy amd the camera is very low resolution So, give us a premium infotainment system. Don't forget the speakers. I recently experienced Volkswagen Virtus speakers quality. Dayum, they're great. They have 8 speakers, very high quality sound system. Vitus interiors are also so good. If Duster interiors anything less than what I i mentioned, they're sure to lose. So, don't mess this up  We need Renault Duster Black edition  Compete with the features of Hyundai Creta top end models, including seats and others. If you do that you'll have the potential to capture good markt share of compact SUVs  Give us a range of options to buy from, like give us diesel engines too. Start from the on road price of 12L to 24L. Don't go above that price range.  Design is perfect, don't change anything  I think I covered everything! Alright let's see the new Duster in 2025 Q4 or 2026 Q1",Positive
18,Going to release in 2029.ðŸ™„ðŸ¤¦ðŸ¤¦,Neutral
19,in ICE we will get a 1.2 l turbo petrol GDI? that's it?! What a dud!,Neutral
20,boss when it is launchingðŸ˜‚ðŸ˜‚ðŸ˜‚ðŸ˜‚,Neutral
21,"Renault & Mahindra Join Forces: 2025 Duster to Get Mahindraâ€™s Rugged 1.5L Diesel Heart â€“ What We Know A French-Indian Power Couple? Next-Gen Duster May Combine Renaultâ€™s Design Flair with Mahindraâ€™s Legendary mHawk Diesel Muscle      Indiaâ€™s SUV battleground is set for a seismic shift! Renault India and Mahindra & Mahindra (M&M) are reportedly in advanced talks to equip the 2025 Renault Duster with Mahindraâ€™s acclaimed 1.5-litre mHawk diesel engine, the same powerhouse driving the Thar RWD and XUV 3XO. This alliance could resurrect the Dusterâ€™s glory while redefining cost-efficient collaboration in the BS6 era. Hereâ€™s an exclusive deep dive into the engine, the SUV, and why this deal could shake up the Hyundai Creta-Tata Nexon duopoly.  The Engine: Mahindraâ€™s 1.5L mHawk Diesel â€“ Specs, Tech & Why Renault Wants It Key Specifications (as in XUV 3XO/Thar RWD): â€¢	Displacement: 1,493 cc â€¢	Power: 117 PS @ 3,750 rpm â€¢	Torque: 300 Nm @ 1,500â€“2,750 rpm â€¢	Compliance: BS6 Phase 2 (upgraded SCR + DPF) â€¢	Transmission: Likely 6-speed manual or 6-speed automatic (Renault may tweak gear ratios) â€¢	Fuel Efficiency: 18.5â€“19.5 km/l (as per XUV 3XOâ€™s figures)   Tech Highlights: â€¢	Turbocharged Brilliance: Single turbocharger with intercooler for crisp low-end torque â€“ ideal for off-roading and highway overtakes. â€¢	Dieselâ€™s Last Stand: Mahindraâ€™s revised mHawk engine uses Selective Catalytic Reduction (SCR) and Diesel Particulate Filter (DPF) to meet strict BS6 Phase 2 norms, slashing NOx emissions by 70% compared to BS4. â€¢	Proven Reliability: Over 2 lakh Thar and XUV units sold with this engine since 2020, praised for ruggedness in Indian conditions. Why Renault Needs This: â€¢	Cost Savings: Developing a new diesel engine for Indiaâ€™s shrinking diesel PV market (down to 18% in 2023 from 50% in 2014) is economically unviable. Sourcing from Mahindra saves R&D costs. â€¢	Instant Credibility: Mahindraâ€™s diesel engines are trusted for performance and durability â€“ a quick fix to revive Dusterâ€™s ""King of Roads"" legacy.  2025 Renault Duster: What Leaks & Rumors Reveal   Platform & Design: â€¢	CMF-B Modular Architecture: Shared with Nissan Magnite and Renault Kiger, but heavily modified for ruggedness. Expect a longer wheelbase (+20 mm) vs. the current Duster. â€¢	Design Inspiration: Spy shots hint at a Dacia Bigster-inspired design â€“ bold C-shaped LED DRLs, flared wheel arches, and a floating roof. Rumor mill suggests a 4320 mm length, making it a sub-4.3m compact SUV. â€¢	Ground Clearance: 210 mm (same as Thar), with skid plates for off-road styling. Interior & Features (Expected):   â€¢	Tech Upgrade: 10.25-inch touchscreen with wireless Android Auto/Apple CarPlay, 7-inch digital driver display, and Renaultâ€™s latest ADAS suite (Level 1 autonomy with lane-keep assist and adaptive cruise control). â€¢	Comfort: Ventilated front seats, panoramic sunroof, and dual-zone AC. Powertrain Options: â€¢	Diesel: Mahindraâ€™s 1.5L mHawk (117 PS) â€“ the headline act. â€¢	Petrol: 1.3L turbo-petrol (156 PS) from Nissan-Renault alliance (shared with Kiger). â€¢	Hybrid: A 1.6L petrol-hybrid may debut later, targeting eco-conscious urban buyers.  Market Strategy: Why Diesel Still Matters in India   â€¢	Rural Demand: Diesel accounts for 35% of SUV sales (vs. 18% overall PVs), driven by farm economies and taxi segments. â€¢	Torque Lovers: Dieselâ€™s 300 Nm torque (vs. 250 Nm in Cretaâ€™s 1.5L petrol) appeals to adventure seekers and highway drivers. â€¢	Pricing Play: A diesel Duster could undercut rivals: o	Expected Price: â‚¹12â€“16 lakh (ex-showroom) o	Competitors: Hyundai Creta Diesel (â‚¹12.5â€“18.7 lakh), Tata Nexon Diesel (â‚¹10â€“15.5 lakh)  Expert Take: â€œA Masterstroke, But Risks Remainâ€ Auto analyst Suraj Ghosh (IHS Markit): â€œThis is a masterstroke for Renault. Mahindraâ€™s engine is a proven workhorse, and badge engineering costs are minimal. However, Renault must ensure the Duster doesnâ€™t look like a rebadged XUV 3XO. Differentiation in design and tech is key.â€ Rural Sales Guru Rajesh Kumar (Motilal Oswal): â€œIn states like Uttar Pradesh and Bihar, diesel SUVs still rule. A rugged diesel Duster at â‚¹12 lakh could steal Scorpio-Nâ€™s budget buyers.â€  The Bigger Picture: Renault-Mahindraâ€™s Growing Synergy â€¢	Shared Manufacturing: Renault-Nissanâ€™s Chennai plant already builds Kiger and Magnite. Mahindra could supply engines directly, cutting logistics costs. â€¢	EVs vs. ICE: While Renault focuses on Kwid EV and Mahindra on XUV400, this deal highlights pragmatism â€“ ICE isnâ€™t dead yet in India.  The Dusterâ€™s Make-or-Break Moment The 2025 Duster isnâ€™t just another SUV â€“ itâ€™s Renaultâ€™s bid to reclaim relevance in India. With Mahindraâ€™s diesel engine, a butch new design, and tech borrowed from global models, Renault is betting big on nostalgia and value. If priced aggressively, this French-Indian fusion could be the disruptor Tata Nexon once was. Launch Timeline: Expected August 2025 (unveil) with deliveries from Festive season 2025.    Final Word: While neither Renault nor Mahindra has confirmed the talks, supply-chain insiders suggest a contract is â€œ90% finalized.â€ If true, the Duster 2025 could rekindle Indiaâ€™s diesel love affair â€“ and give Hyundai and Tata sleepless nights. Stay tuned for updates as this story develops!  Did you know? The original Duster sold over 1.5 lakh units in India between 2012â€“2018. With Mahindraâ€™s engine, Renault aims for 50,000 units/year â€“ a 300% jump over current Duster sales!",Positive
22,Beautiful car 2025modeal,Positive
23,English me bolkar kya sabit karna chahte ho bhai india hai ya london bharat duniya me pehle desh hai jo apni bhasa ki aisi tesi karta hai,Neutral
24,im a proud owner of first generation diesel duster and I'll buy a new duster in future but  there is no 1.5  litres dCi diesel option in this car which renault people should have in this beautiful car,Positive
25,hoping the same looks come in .,Neutral
26,We need diesel.,Neutral
27,They will release this in 2026 And then will say ki cars sale nahi hoti ðŸ˜‚,Neutral
28,"If it says Dacia on it, why do you call it Renault?",Neutral
29,The 2nd door handle is giving a bad appearance ðŸ˜¢ðŸ˜¢,Negative
30,Oh...yesss waiting eagerly to come to India but NO downgrading for India plz...Hope renault is listening.,Neutral
31,What is the avarage fuel consumption,Neutral
32,Why didnâ€™t they change the antenna to shark fin?,Neutral
33,Looks like BREZZAâ€™s BROTHER ðŸ˜‚ðŸ˜‚ðŸ˜‚,Neutral
34,Will they offer an automatic gearbox with the turbo charged motor which is on my present duster,Neutral
35,When it is release,Neutral
36,We need this in Diesel,Neutral
37,Have sunroof also,Neutral
38,Sun roofing is useless. It is mere business for its price enhencement only.,Negative
39,Well..another 3 cylinder engine at 17 L price range,Neutral
40,I need this car,Neutral
41,Own Duster 110 ps for the last nine years ...simply adore it,Positive
42,WHEN IT WILL BE LAUNCHED IN INDIA ?,Neutral
43,Too late,Negative
44,"What's the point in end 2025 launch, when it will be outdated in the International market!",Negative
45,I shall not accept any cheap knockoff of this. Need this real product. We indians can buy stuff. Dont you dare Renault change this,Positive
46,"20 lacs is too much, it should start from 11-12 lakh and can end at 18 lakhs that way it will easily destroy its competitors,  but this video was launched 7 months ago yet there is no sign of this car 2025 will he too late as it will end its chances to grab a major share in indian market !",Neutral
47,"6 mahine ho gye, abhi tak nhi aayi",Neutral
48,2025 me ayegi to renault ise apni ghar hi rakh le... there are not many good options for petrol SUVs in India...,Positive
49,Why no sunroof and Diesel for India? Its sad,Negative
50,"It will be very difficult for the Duster to rake volumes the way it did with the earlier model. Lot of competition and lack of diesel power train would be the major deterrents. Also, if it is a hybrid, Renault needs to look at the prices to keep it affordable. Anything upwards of 20 lakhs will find substantially less takers. I loved the way it looks BTW. Addition of soft touch plastics will add to the Wow factor. Loved the AC vents in particular. I don't want a panoramic sunroof. I don't know many many would agree with me.",Positive
51,New duster 7 sater to you and your family and friends is a few minutes to talk to you ðŸ˜‰ðŸ¦œ,Neutral
52,Atleast sunroof...,Neutral
53,"Renault really needs to work on its plastic quality, fit & finish in India.",Positive
54,"I have driven the Dacia duster quite a lot in Europe, It dominates the roads in many countries such as Iceland and more. Such a sturdy car, dont know why Renault dropped the ball so hard in India. Waiting for it to come back to Indian market soon",Positive
55,This will come in India but in 2050ðŸ˜‚ðŸ˜‚,Neutral
56,"Will launch in petrol, an oxymoron for a SUV.",Neutral
57,fuck sunroofs,Negative
58,"Although a great offering, this will struggle and most likely fail to perform along side of Diesel variants of XUV3XO & Creta. Indian mentality is still hell bent towards Diesel unfortunately!",Neutral
59,I hope Renault incorporates a Sun roof even in the mid spec variants and especially in the 4 wheel variant,Neutral
60,"Why has Renault/Nissan been missing from the Creta segment for so long... As fas as I remember, the Creta segment used to be the Duster Segment a couple years ago...",Negative
61,No diesel for India .. so 4x4 in India will be petrol ????,Neutral
62,I love it.,Positive
63,Indian selling date,Neutral
64,"I just sold my 2023 Duster and got a Kwid today. Hail Duster, will wait for this OG",Neutral
65,The creta 2023 launched abroad had a different look as to what is launched in India . Iâ€™m a bit skeptical of this as well .,Negative
66,More beautiful than before,Positive
67,Ppl requesting u pls don't buy Renault duster I owe a duster car its  good but parts r so so costly and main thing is all d parts r not durable so pls go with other company but pls don't buy duater.,Positive
68,"2025 is a mistake for Renault Duster. By the time it launches in India, the other car makers will have countered it with better products suiting the Indian market. Also why a 3 cylinder engine? ðŸ˜¢",Positive
69,Soooooo good........ ðŸ”¥ðŸ”¥ðŸ”¥ðŸ”¥,Positive
70,Nice and coolðŸŽ‰ðŸŽ‰,Positive
71,Og to you soon and your requirements and your team to talk about this ðŸ˜”ðŸ¦œ,Neutral
72,Still no sunroof very sadlyðŸ˜¢,Positive
73,The king ðŸ‘‘ of the segment is backâ¤,Neutral
74,Duster is always best compact SUV,Positive
75,A Duster is unbeatable on road or off road. Its superior in all ways. I'm owning one since 2016 and can't wait for the upgraded Duster.,Positive
76,Why duster is too late? Other car makers are enjoying mid size suv market. And Renault is sleeping.,Neutral
77,Really mind blowing,Positive
78,But old duster out fit is different â¤,Positive
79,I will wait for it ðŸ”¥,Neutral
80,HYBRID Duster has good scope; otherwise it will be a FAILURE. A chargeable hybrid setup will bring big sales volumes.,Positive
81,New duster is just wow and awesome.ðŸŽ‰. Creta and seltos are in panic mode. ðŸ˜…. But Renault please keep it in mind. Old duster was hit due to its less price and good drive ability.,Positive
82,â¤,Neutral
83,"Well pricing does matter, it is going to cost alot than its predecessor. It was there to wipe out the market because of its look",Neutral
84,Panaromic Sunroof should be there.!!,Neutral
85,2 months over still waiting ðŸ˜¢,Neutral
86,DdddðŸ˜‚,Neutral
87,"Good Design after long time,",Positive
88,"Auto companies take Indian market as a joke and consumer in return take those companies as a joke too..while maruti and hyundai have already launched newer models, other auto companies are still planning to do in a year or two for models which are already in the international market,by the time which their plan models became outdated and then blame the market for not being profitable. Its a pity that those at the helm of companies like nissan, renault, are too cocky when it comes to auto business in India. They never learn from the mistake made by companies like Ford, fiat etc or maybe they choose not to learn but adopt the same shitty business plan",Negative
89,Too late to the party,Negative
90,"This will put fire in india market if it is launched as it is. If change in appearance & look, then it will be useless stunt by Reno & wastage of opportunities in indian market. ðŸ˜‚ðŸ˜‚ðŸ˜‚",Negative
91,Great products by renault come too late after the party. Whats the point ? in my opinion.,Positive
92,"Perfect time to launch this car in 2024, but if not launched this year, again it will not get response",Positive
93,"Still have my 2016 RXS Duster, done 190000 KM but still going great. Waiting for the new Duster to replace it. Hope they launch the new one around Diwali 2024.",Positive
94,Without the diesel engine?,Neutral
95,May i know when this model is going to launch in india..tamil nadu?,Neutral
96,Works if price will be max 15 lakhs otherwise Indians dont prefer it.,Neutral
97,Looks fantastic,Positive
98,strage logo for renatult.,Neutral
99,Yes awaiting the same,Neutral
100,This is called what a real suv. Nowadays suv are looking like just a hatchback cars not suv,Positive
101,"Haha 2025 launch. If they give rough road ride like previous Dusters,then it will be winner",Neutral
102,Very good suv,Positive
103,wow,Neutral
104,Og of all suvs in India ðŸ”¥ðŸ”¥ðŸ”¥ðŸ”¥,Neutral
105,Duster Without Diesel ðŸ˜¢,Neutral
106,Diesel???,Neutral
107,Festive season of 2025 is basically end of 2025!!!!! Don't understand their strategy for a market like India where upgrades happen at a breakneck speed.,Neutral
108,this is where all started,Neutral
109,Budget SUV king is back,Neutral
110,I am waiting for this .,Neutral
111,This car makes its rivals way outdated,Negative
112,ASHOKSINH7BELHARI841424DEVPUJANSINGH2004ASHOKKUMARSINGH7372AshokSingh,Neutral
113,In 2024 Tata will also launch their mid-size SUV codenamed Curve.  So competition will be really tough. I am sure CURVE will start dominating from the beginning. Nexon and Punch amply proves that. The gap between Nexon and Harrier will be filled up..just can't wait for the Curve. I also have great respect for the Iconic Duster..,Positive
114,such a cheap car in Europe,Positive
115,Dacia ?,Neutral
116,"Launch is tooooo Late!!! They out to prepone the launch to late 2024, that is what will do for someone like me who is looking for a vehicle but can wait some time for the right car.",Negative
117,"If Duster will launch in India with diesel engine, it will be definitely successful.",Positive
118,Why Renault logo is like DC,Neutral
119,"Diesel will have  good sales ,but if it comes with petrol sales will be very low ...",Positive
120,The head lamps of the earlier Dusters were one of its kind design.. These new head lamps are just ok... Wish they kept the earlier head lamps design,Positive
121,Looks like DC logo in the front,Neutral
122,Now that's the car in its segment that I'd like to buy,Neutral
123,Loved the older version of the Duster,Positive
124,Too late ....renault should shut down in india for better. If they are ready to adapt indian market & launch as early bird.,Neutral
125,Looks like a streched quid  In design.,Neutral
126,Have you tried Global Dominion Financing Inc. for car financing or car refinancing (Sangla OR/CR)?,Neutral
127,Duster was the OG mini-suv. Its heartening to see it back in the game!,Negative
128,Renault need to heavily localise content for aggressive pricing it seems... There is nothing worse to see a new gen duster failðŸ˜¢ for faulty pricing.,Negative
129,Duster has created this new compact SUV segment.. this is definitely going to rock â¤,Neutral
130,It'll be the competetor of ScorpioN too,Neutral
131,So it will go on sale on 2025 ðŸ˜‚ðŸ˜‚ðŸ˜‚,Neutral
132,This looks so hot ðŸ”¥ðŸ”¥ðŸ”¥ðŸ”¥,Positive
133,This looks fantastic. 2025 is a bit far off and I think Renault are missing a trick. Hope pricing is good or it may not be able to compete.,Positive
134,The stupid tax system ruins the auto experience for all Indians.,Negative
135,The india one will have 16 inch rims and it will ruin everything,Neutral
136,nice look but the price is too high.,Positive
137,The phone holder is blocking the top portion of the screen,Positive
138,Renault pls focus on your build quality,Neutral
139,"Iâ€™m still using my duster 4x4 bought in 2014 150000km done .. will use maximum possible.. brilliant vehicle for that price (12.75 lakhs in 2014)boot space, suspension, ground clearance and decent mileage(14km for my 110ps) are the highlightsâ€¦",Positive
140,Looks like nexon ev,Neutral
141,I hope they dont change a single thing with unnecessary chrome's,Negative
142,"I am planning to buy a 7/8 seater in the next 2 years, so a 2025 works for me. Tata and Mahindra were my prime choices until now, but having seen people drive the first gen Duster up bare bone roads to trekking points where only Land Rovers reign, this car becomes an interesting one for me now. I just hope it's proces competitively.",Positive
143,its not duster its dacia,Neutral
144,Definitely gonna save up for this,Neutral
145,Superhit ðŸ‘ðŸ»,Neutral
146,The king is back in the world of psudo midsize SUVs. Once you drive duster you will get the feeling and suspension is top notch,Positive
147,"2025 main aaegi, bhai video bhi kyu bna rhe ho",Positive
148,"Currently am driving the old duster & comparing to it, I like the looks specially the LED tails lamps design. but, honestly i dnt think its worth 20lacs looking at the over all aspect of the car. Interior dsnt convince me for 20lacs. Looks like the Reno wud face the same fate s  the current suzuki jimny which made a major flop in the market due to its high price. So better RENAULT made some concession on the price before its too late.",Positive
149,"The only concern Indians will have the service network and whether renault will continue in India considering their limited cars in market â€¦ People will opt for safe option to go with stable brands like Mahindra ,Tata ,Hyundai",Positive
150,I already have old duster. Now this upgrade is forcing me to stick to duster ðŸ˜‚,Neutral
151,How much nasty plastic do you want?  Renault: Yes!,Negative
152,While comparing you should also consider Tata Harrier,Neutral
153,"If they remove the front running DRLs for India version, they better not release it in India.",Positive
154,"Old duster was a gem of product. Today also it shames many suvs in terms of ride quality, control and cruising",Positive
155,Why autocar is highlighting adas feature ? I have xuv700 with Adaâ€™s and could use it only for about 30 kms after which I got fed up with obstructing vehicles. Only useful feature is frontal collision alert,Neutral
156,Dc makeover?,Neutral
157,"It's too late now, in front of the new brezza, Nexon, seltos, and up coming creta it can't even stand upon its feet ðŸ˜‚ðŸ˜‚ðŸ˜‚ðŸ˜‚ it's looks are very similar to Hyundai exter ðŸ˜‚ðŸ˜‚ðŸ˜‚ðŸ˜‚",Neutral
158,I think this is the car that might bring renault back on track. I mean this was the car that started the indian suv trend and i think that it deserves a comeback.,Negative
159,Nice vehicle but 2025 means too late.....,Positive
160,If it will so late it will automatically be eliminated from its competitors,Negative
161,Most awaiting this one.....,Positive
162,2025 is way too long,Neutral
163,Every car these days seems same,Neutral
164,I want seven seater option with strong hybrid â¤,Positive
165,2025 Festival season is like 2 years from now and a lot can happen even in a year as tech changes and upgrades faster than we all know.,Neutral
166,"We have always liked the Duster, eagerly awaiting its Bharat launch. A 2024 festive season launch would have been appreciated though.",Positive
167,"2025 is light years away. By that time, Renault India will be dusted away by the competition.",Positive
168,Need Diesel engine as well,Neutral
169,2025 will see much for facelifts design upgrades and hybrids already in competition and Duster will have stiff competition to play.,Neutral
170,Too late,Negative
171,"Been waiting patiently for upgraded model for years now. If they're bringing a 7-seater Duster, I'm willing to wait until 2025. (Duster user since 2015, still my primary vehicle) Last point : Please GoI, don't kill diesel. There's no fuel as torquee & smooth as diesel",Positive
172,Will Buy if same comes to India,Neutral
173,Kia kicopy lgti hai side angle Astor bhi,Neutral
174,Great news and it looks gorgeous ðŸ¥°ðŸ˜,Positive
175,Is duster unveiling a base variant  or a top variant no sunroof and no surf antena?,Negative
176,Tired of old design Only waiting for this design,Negative
177,Every thing is super but price is. To high,Positive
178,"Came to know if it will have 4*4, so great.",Positive
179,Ride quality is next level ðŸ”¥,Neutral
180,20L is too much to start with. Base at 9-10 would be better.,Neutral
181,20 lakhs for a crossover that too from renaultðŸ¤¯,Neutral
182,Yakinan shandar car ðŸš— h,Neutral
183,Most rugged suv,Positive
184,Last chance for Renault to get some sales in India. They should bring this ASAP!,Neutral
185,Dilip chabriaðŸ˜‚,Neutral
186,the price is the most important thing,Positive
187,If not in Diesel then no point of all this ðŸ˜‚,Neutral
188,"Still proudly own the 2013 Duster 85 ps RXZ, with almost 398000 kms done and still counting wothout engine overhaul, and it has still got more than other 10 years of life left only the interior getting a bit outdated now. Still can avoid interior for such a tremendous engine and driveability.",Positive
189,"Sharp yet original boxy design is still there!ðŸ˜ See what honda achieved with elevate, even tho it has less flashy features compared to hyundai siblings! Duster can do it, reno needs more coverage across country!  Now waiting for people to ask for panoramic head remover and 32 inch tv with duster!  Hyundai has spoiled this market!",Neutral
190,Third class or lowest renualt company car delar,Neutral
191,If this car fails to sell in great numbers Renault will truly leave India. The only reason they still stay in India even with declining sales is because they hope the new Duster will be a success. Nissanâ€™s days in India is numbered as well.,Positive
192,"I think this will be not a hit product in india because of no diesel engine previous one was hit due the powerful diesel engine, no hate to duster my love for it will remain same as before â¤",Positive
193,"I drive a lots of cards , but duster is the king",Neutral
194,"2025 would be too late for indian market, considering tata and mahindra's competitive portfolio for new upcoming cars. For example in my terms tata safari is more sensible suv(comparing only fromt wheel drive diesel) but xuv700 was launched with segment first ground breaking features and so able to sell so much more in numbers than safari. I am considering only these two because other companies don't have any suvs thats comes close to these",Positive
195,Renault will mess up this design..,Negative
196,I thought it was designed by DC..ðŸ˜‚,Neutral
197,Pale se inke car bikte he nhi or etna let lake aa rhe hy 2025 ðŸ˜„ðŸ™ðŸ»,Negative
198,2025.... That killed the mood.,Negative
199,So you guys think we dont follow autocar global ??,Neutral
200,"Welcome to India but don't close or discontinue the car again and cheat the customers.  Duster was the car that raised the fever of Monocoque mid size SUV and also offered 4WD .   The rear door grab in C pillar is not so practical, not used to. It should be kept as usual on door",Positive
201,No diesel engine ðŸ˜¢ðŸ˜¢ðŸ˜¢,Neutral
202,"Renault's India plan never understood... Very good cars (Duster, Kwid, Triber) but then no major updates for years till they are finished...",Positive
203,The name itself is a turnoff.... am not impressed!,Negative
204,Its a perfect competition for Honda elevate not creta or seltosâ€¦ its top model should end at 15L ex showroom.,Positive
205,Loved the design. Get the 4x4 at around 20L and it will be a definite hit.,Positive
206,Design is amazing but they are fooling you Renault onever going to give us an latest model ðŸ™ƒðŸ˜‚,Positive
207,"More muscular design with all the bells and whistles.It looks promising and could do well in India.But, 2025 launch may be too far away,as other newer SUVs are in the pipeline.",Positive
208,Tail light looks good,Positive
209,Look like DC design car,Neutral
210,Duster was great product and it coming again ðŸ‘ðŸ»,Positive
211,"Car shown is left hand drive, not for India",Neutral
212,2025 that too Petrol. LOL such a thorough L this is.,Positive
213,This was modified by DC,Neutral
214,"If they launch in 2024 first half, it will good Flatform for the new arrival,  because 2024,  first half there is many options,  like creta facelift and others",Positive
215,Why does it never look like this in India?,Neutral
216,You had me at 4-wheel drive. What a stunner!,Neutral
217,i bet all this we will not recieve in india  this renault dosent work here because  they think indian consumers wont afford this  i bet you see they  will try to bring another shit product like kwid and triber,Negative
218,Super hit! If launched today!  2025 November will be Funeral.,Positive
219,Plastic cladding bumpers design sucks...,Negative
220,I don't think any sane minded person will rush to a renault dealership after hearing about this.,Neutral
221,Finally the dream car is here!,Neutral
222,Looks like DC modified ðŸ˜‚,Neutral
223,"If they don't release this model soon, it's lights our for nissan/renault",Neutral
224,"Can't make a comeback in times of Tata, Mahindra and Kia / Hyundai.",Neutral
225,Now this is a proper SUV look... But 2025 will be too late for Renault.,Negative
226,"Other than the kindergarten backlight design & the black tape band aids on the outer front doors, the rest esp the front looks nice. Duster's engine, reliability, affordability and comfort in India is legendary.",Positive
227,No market for duster or reanault ðŸ˜‚..Gaya ...taken by big players .,Neutral
228,late 2025 will be too late for india market. expecting launch in early 2024,Negative
229,"Too much Black Fibre Body, New version looks bigster but cheap. We have a 2016 Duster, the Silver color fibre body(for Ex. Bumpers) is still a standout making it look rough, and stunner yet elegant.",Positive
230,Mirror à¤•à¥‡ à¤¨à¥€à¤šà¥‡ à¤œà¥‹ à¤¬à¥à¤²à¥ˆà¤• à¤ªà¤¾à¤°à¥à¤Ÿ à¤¹à¥ˆ à¤µà¥‹ à¤ªà¥‚à¤°à¥€ à¤²à¥à¤• à¤•à¥‹ à¤¬à¤°à¤¬à¤¾à¤¦ à¤•à¤° à¤°à¤¹à¤¾ à¤¹à¥ˆðŸ˜…,Neutral
231,"Strongly desired vehicle, i would surely get one if launched within 6 months, real rugged suv.ðŸ‘ðŸ»",Positive
232,"Thank god, no sunroof",Neutral
233,"Renault is on verge of vanishing from INDIA, if renault is really serious they have to bring the european bound models in indian market. It will be late for them if they dont start doing it now.",Negative
234,When i heard 2025 all my enthusiasm disappeared ðŸ˜‚ðŸ˜‚,Neutral
235,Automotive industry is changing so rapidly that two years look like eternity may be till then only electiric cars make sense ðŸ˜Š,Neutral
236,Duster was the first compact suv to come in India and they didnt fo anything after that.,Positive
237,"Auto mobile channel was getting bored recently, Thanks renaul Duster for reviving it again",Negative
238,2025!! Too late to the game Iâ€™m afraid. Atleast mid 2024 to try and make an impact in an already crowded segment.,Negative
239,The outgoing Duster is a great product in terms of practicality and experience. The downsides are the maintenance costs are high and not having broader network,Positive
240,Had a very bad experience with renault cars. Would not buy nor recommend buying there cars. Downgraded engines with no power and worst after sale service.,Negative
241,Finally the compact SUV segment starter will have a comeback. Now Koreans have to work more hard to survive this segment,Neutral
242,"ALSO A HUMBLE SUGGESTION, PLEASE CHANGE THE NAME TO 'AUTOCAR BHARAT'",Negative
243,WHAT ABOUT JEEP RENEGADE.... WILL IT COME TO BHARAT OR NOT,Neutral
244,Still looks old in 2023 ðŸ˜ª,Neutral
245,"Looks very arrogant, bold and bully beautiful. I'm waiting with my intuitions.",Positive
246,Renault and Citroen are already here. Renault in India is nothing but Dacia and Citroen in India is not even existing.  Waiting for Peugeot!,Neutral
247,It has the right to be above Creta/Seltos for its drive comfort and handling. A no-nonsense vehicle for all practical purposes. I hope this drives the market towards practicality over premiums.,Positive
248,"I don't understand the delay in launch,  They have a product and with a slightly spruced up dealer and service network, They should launch it right away.  I hope that Renault doesn't shut it's India operations given the current dismal sales figures",Neutral
249,Beauty ðŸ˜ I wonder if this quality will be maintained at India launch,Neutral
250,Does it get rear disc brakes ?,Neutral
251,Wow.... Monstar look...,Neutral
252,"It seems a good car. I was eagerly awaiting for it, I even enquired many times in Renault dealership about its comeback. But if its getting launched in India in year 2025, it would be too late to be in the game. And competitive price would define it's success here.",Positive
253,"By 2025 festive season, there would be more technological advancements from the rivals & Renault will again fall behind",Neutral
254,Looks like brezza,Neutral
255,2025 is too late for the Indian market. The competition already has much better offerings in 2023!,Positive
256,"The new Duster appears more like a facelift of the older model. For Renault to thrive in the Indian market, they need to develop a completely new generation with the latest features offered by other car brands. It's crucial to keep up with competitors who provide advanced features at affordable prices. Renault's current offering lacks even basic features like a sunroof, and the absence of Advanced Driver Assistance Systems (ADAS) puts them behind. Simply relying on the existing model might not be sustainable in the dynamic Indian market.",Positive
257,"2025 is too much wait for its launch. If it is launched in late 2025, it will reduce its excitement and will get a lot of competition.",Neutral
258,"2025? good luck, it will be dusted and done for good by Hyundai's consistent market updates and TATA's ambitious product line ups and finally by strong surge in EVs.",Positive
259,Car is awesome â€¦. But 2025 is late â€¦.,Positive
260,This says DC â€¦ ??,Neutral
261,All will be great if the price tag fits under 15lacs.,Positive
262,No use of these SPECULATIONS.. Many vehicles may be launching across the world ; they are not coming to India because of the Cost Factor..,Positive
263,is it 5* on NCAP?,Neutral
264,OMGðŸ˜®....... jabarjast... shandar....jandar.... fight is back.,Neutral
265,"It's better for Renault to keep this in Vault, rather than launching in 2025.",Positive
266,Will be available out of India but not in India..Whats the point then ?,Positive
267,"Looks good, but no diesel",Positive
268,Not comming in India ðŸ˜‚ðŸ˜‚,Neutral
269,"2025 launch in India? The hybrids makes sense in that case, but they will lose quite some market by that time.",Neutral
270,20 lakhs seems overpriced,Neutral
271,Superb update of the car. Packs a punch. Only concern as Nikhil mentioned is that launch is in late 2025 for India.,Positive
272,This segment is getting more competitive.,Positive
273,Hold up it will launch in 2025,Neutral
274,Duster is the first car in it's segment who innovated compact suv concept. Now beast is back,Positive
275,Mini volvo,Neutral
276,Looks good nice design,Positive
277,That will be a game changer for Renault if they accomplish duster that well.,Negative
278,Pricing it around 20L will put it out of reach of many buyers in india.. the reason the og duster was so popular was the price.. a big feel suv starting at 8.5 - 9L was so good!! Hope renault keep this in mind when they launch it here...,Positive
279,Duster shall have a cult following. I owned one for 10 years. Replaced it with MG hector after doing 1 lakh plus km. Would be eager to replace Hector with Duster Hybrid model.,Neutral
280,Its built on a Mitsubishi platform this time. That make's it even better than the original.,Positive
281,"indians are now waiting for launch of 5 door Mahindra Thar , 2 wheel & 4 wheel versions.",Neutral
282,"If they offer 4x4 version with strong hybrid that gets anything above 17 kmpl, ADAS, 5 star NCAP ratings, parking sensors and reverse cameras, it will be a no-brainer purchase for under 20 lakh rupees.",Positive
283,2025 à¤¤à¤• à¤°à¥‡à¤¨à¥‰à¤²à¥à¤Ÿ à¤Ÿà¤¿à¤• à¤ªà¤¾à¤à¤—à¥€ ðŸ¤”,Neutral
284,If there's a diesel variant available I will definitely go for Itâ¤,Positive
285,"When the India version launched and that too IF, than intro. STOP intro for foreign versions.",Negative
286,"That 1.3 TCe engine if they embed in Kiger with cosmetic change & sunroof,. definitely sells like a hot cake. Wake up #Renaultindia",Positive
287,By 2025 this will look outdated for sure,Neutral
288,ðŸ˜‚ðŸ˜‚ 20 lakh bro who is gonna pay that much for this instead people will choose xuv 700.,Positive
289,No  200000 we have very classic  And multiple choices,Positive
290,2025 is too late ðŸ˜®,Negative
291,One word 'Reliable' after 10 years and still rides like new,Positive
292,Big daddy of the compact suv's! Looks gorgeous in the new avatar â¤ wish they launch it sooner.,Positive
293,This car and ecosport created the segment of compact SUV in india but the cream is enjoyed but creepy pusuki n lundia craps,Neutral
294,It can eat harrier and may be creta alsoðŸ¤”,Neutral
295,"I am a proud owner of Duster and waiting for new model. But 2025 is too much, by the it comes out it can not compete with the present market trend and for that price point no way!!",Positive
296,Super design and cabin ðŸ‘ðŸ»,Positive
297,Fresh design and looks promising. I believe it's little highly priced.,Positive
298,4/4 ka option hona chaiye basss har month 10 se 12 hajar unit bikenge ðŸ˜‚ðŸ˜‚ðŸ˜‚ðŸ˜‚,Neutral
299,This suv can change renaults future in India. Reasons 1. Renault cars have good safety rating compared to MS and hyundai  2. They have good after sales service unlike tata and mahindra. 3. They are really reliable vehicles too. Renault has a decent position is realiability ranking. In my opinion this is a win win for reanult and customers alike,Positive
300,"Looks like bigger version of kwid, hear and their volvo xc40 copy bits.",Neutral
301,That Matte dashboard though ðŸ¤¯ðŸ¤¯ðŸ¤¯ðŸ¤¯ðŸ¤¯ðŸ¤¯ðŸ¤¯ðŸ¤¯ðŸ¤¯ðŸ¤¯.  If this car launches as it is then for me it will be the best looking suv in whole compact suv segment.  It looks premium and futuristic and that Matte interior really made me impatient for this car.,Positive
302,"The quality of the interior plastics, even in the show vehicle looks utterly dreadful - like something out of the 80s. And they want to charge 20 lakhs for that!",Negative
303,duster without diesel engine is simply heartbreaking.,Neutral
304,Brake LSD Only No Locking Differential,Neutral
305,Please bring Diesel engines options to OG DUSTER ðŸ”¥,Neutral
306,Hope it is coming soon to India. Looks very nice.,Positive
307,Looks good... If priced right it will be a winner,Positive
308,If it come with diesel it will break all sales record,Neutral
309,"The 1.2 liter, 3 cylinder mild hybrid powerplant is a technological novelty. It is clutchless and allows the ICE to be paired directly to the CVT.  It is kind of poetic to finally see the ICE break free from its clutches before extinction â€¼ï¸ðŸ˜…ðŸ˜ I think Suzuki's new Z12 hybrid powerplant is also clutchless.",Positive
310,à¤²à¥à¤•à¥à¤¸ à¤•à¥‡ à¤®à¤¾à¤®à¤²à¥‡ à¤®à¥‡ à¤¸à¤¿à¤°à¥à¤« à¤à¤• à¤•à¤¾à¤° à¤‡à¤¸à¤•à¥‹ à¤Ÿà¤•à¤•à¤° à¤¦à¥‡ à¤¸à¤•à¤¤à¤¾ à¤¹à¥ˆ à¤•à¤¿à¤¯à¤¾ à¤¸à¥‡à¤²à¥à¤Ÿà¥‹à¤¸ ! à¤”à¤° à¤•à¥‹à¤ˆ à¤¨à¤¹à¥€ ! à¤¨à¤¾à¤‡à¤¸ à¤•à¤¾à¤° !!,Neutral
311,Without diesel or hybrid it will not perform well in India...thats my thought,Neutral
312,"2025 is too late, i m going for the kiger top varient in few months",Neutral
313,"Hu, Autocar India Channel and host Nikhil Bhatia, Congratulations!, Renault India for brand new Duster, the orignal mid size SUV in India. It was a great hit along with it's alliance partner Nissan India Terrano.  Their primary success was their powerful 110 HP diesel engine and lower variant had 90 HP diesel engine. The present dismal sales is primarily due to discontinuation of diesel powertrain. Now, with expected price tag of Rs. 20 lakh, debut later part of 2025 and no diesel engine option, once again it will doomed again!, Sorry, but it's true. Looking forward to Channel.",Positive
314,It's after 2months.. When did autocar need to use such bait titles which are misleading.. Making things seem like it will be here in a few weeks,Neutral
315,Hahhah by that time SUVs demand will be dead,Negative
316,"2025 ?!?! I mean wtf, really?",Negative
317,2025....??? Am sure will have better options then..,Positive
318,Headlights blatantly copied from Volvo,Negative
319,Eagerly waiting to upgrade my trusty Kwid. If priced right it will end the the Korean dominance.,Positive
320,Looks like harrier at back,Neutral
321,Auto car india took the video from some else youtube channel and do some sound effect and upload in thier channel.,Positive
322,One of major advantages duster enjoyed at that time was it's pricing so 20 lakh is most probably going to be a miss.,Positive
323,"If they don't change the design and focus on performance and safety, its  definitely gonna be a big hit.",Neutral
324,did they copy Toyota?,Neutral
325,Duster ðŸ”¥â¤,Neutral
326,"These are plain rumours that Duster will be relaunched in India. If at all Renault launches this car, then it will be an electric version only. Electric version launch is the only thing that justifies 2025 last quarter launch.",Neutral
327,Waiting for new Duster â¤â¤â¤,Positive
328,"Finally one that doesnâ€™t look like a deformed rabbit arse, lmao, looks good this time",Positive
329,Horrible engines for an offroader. Bound to fail. Lost its usp.,Negative
330,Need to wait for another 2yrsðŸ˜¢,Neutral
331,The logo of DC reminds me of Dilip chaabaria Designs ðŸ˜…ðŸ˜…ðŸ˜…ðŸ˜…,Neutral
332,How about safety rating,Neutral
333,2025 nice,Positive
334,It looks like Ford Bronco from the front at some extend.,Neutral
335,Wah autocar..!   Exter and punch are SUV's but duster is CROSSOVER ðŸ˜‚,Neutral
336,Creta and seltos.. be very afraid ðŸ˜¨ ðŸ˜±,Negative
337,The compact king is backðŸ”¥ðŸ”¥ðŸ”¥ðŸ‘,Neutral
338,NiceðŸ‡¸ðŸ‡¦,Neutral
339,I liked Duster but too late ðŸ˜¢  sorry it set up the SUV game but couldn't match competition and it still not doing itðŸ˜¢ðŸ˜¢ðŸ˜¢  doesn't match competition already late ðŸ˜•ðŸ˜•ðŸ˜•,Negative
340,Looks good... but launch at 2025 festive season (meaning October 2025) is a big let down.,Positive
341,jaldi lao isse india bas price 13-15 ke bich hona chahiye,Neutral
342,Earlier Duster used to be 8-14 lakhs which was affordable for lower and upper middle class. If Duster is going to cost 20lakhs plus and launch is in 2025 then it will fail because other brands would have upgraded their line up and have overlapping products.,Negative
343,Big bye Renault ðŸ˜‚ðŸ˜‚,Neutral
344,Interiors look great,Positive
345,Free may be nahi magta hay re baba raju tu le ke ja re isko ðŸ˜‚ðŸ˜‚,Positive
346,That is a Dacia,Neutral
347,Service is not good LED bulb or mud flap gayab ho gaya service centre may say my bed experience.autoparts he market may avilable nahi hai jabardasti company may he repair karna padta hai unke rates say. resale value b 0.local for focal one n only Tata super sefty super built quality 5ka 50may dega toh b chalega ðŸ™ðŸ™ðŸ’ðŸ’,Neutral
348,two things to say: too pricey too late,Negative
349,"Mileage,.,.matters in INDIA..",Neutral
350,Great Design need it in 2024,Positive
351,Has very similar design cues to the upcoming Land Cruiser. Love it!,Positive
352,Baap aa gya..... real compact SUV,Positive
353,Just think I spent15 plus lakhs on brand whose extistance itself a question mark. ðŸ˜‚ðŸ˜‚ðŸ˜‚ Ak bar ko Tata ki product par bet laga lunga.. lakin Ranault ko sapni mai bhi nehi laungaðŸ˜‚ðŸ˜‚ðŸ˜‚,Neutral
354,2025.......... Tooooooo late,Negative
355,2025 ? For these features ? Better not to sell .. they should be giving us duster electric with 500+ km range by 2025 not some 94 ps 3 cylinder toy engine,Positive
356,"If this thing is coming to India, I reckon Seltos and Creta will have sleepless nights",Neutral
357,2025 launch date will be too late and it will be outdated. If Renault want to capture market then it has to  be 2024 otherwise they will be out of the game.,Negative
358,What a comeback renault ðŸ‘,Neutral
359,sun roof is not suitable for India. wonder why all the reviewers keep nagging about missing it. all it is used if for kids to stand up when going on roads. an absolute senseless option.,Neutral
360,The OG King is back ðŸŽ‰,Neutral
361,"Long way to go 2025. Until then many would be launched. Should not forget it was Renault who launched the 1st Midsized SUV. But thereafter they did nothing to stay in competition. They allowed the other Co's to launch their Cars & overtake.  They were happy &  complacent for years. They woke up to launch Captur. Same Duster in new clothing & with 25%+  increase in Pricing. Indians were not fools to accept the new featureless avatar. Hence was rejected & forced to discontinue. Same was the Suicidal case with NISSAN KICKs priced it at par with King Creata. Hence rejected & forced to quit India.  You got to study Indian requirement & competition offerings. Than package & Price it Well only than you can succeed.  Same is the case of Ghamandi VW-Skoda Cars they priced it high at the launch with big Claims they have Tested their Cars for 7 lacs kms in all Indian Roads & weather Conditions. But their Claims were fake & Cars failed with EPC, poor AC performance, Rattling & Cracking noise from doors & dash, shagging roofline, Screeching brake noise, etc.... etc. Combine Sales 4 Cars is less half than King Creata, Seltos & Verna.  That's my India & Indians. Once a Car is rejected it's rejected for ever. Do whatever you can it's labelled as FAILED model.",Neutral
362,Cena kosmiczna zaczyna byc drogo i niezbyt atrakcyjnie to poczÄ…tek konca hossy,Neutral
363,Lovely The perfect time for an upgrade,Positive
364,Please get Jimny in 4x2 variant & price less ....MSIL would do wonders ....off Roading is just aspirational value Indian needs,Negative
365,Price and size makes it a competitor if harrier not creta,Neutral
366,No cÃ³Å¼  szczerze to jestem rozczarowany nie wziÄ™to pod uwagÄ™ praktycznych zastosowaÅ„  chociaÅ¼by pÃ³Å‚ka po stronie pasaÅ¼era,Neutral
367,"We may see this car only if Renault remains in India till 2025 festive season. With their uninspiring line up of cars and super late updation of its once hot selling suv it only raises concern whether they are making any significant profits. And if they do manage to bring it to Indian market they must offer features like Panoramic sunroof, ventilated seats and a more plush cabin rather than having complete hard plastics.",Positive
368,"I love the shape and designed of it, it stands out very well.",Positive
369,Finally a real suv in a world of raised hatches and crossover the boss is coming back,Neutral
370,Already Late.. But better late than never. ðŸŽ‰ðŸŽ‰,Neutral
371,As a renault kwid owner this pumps me up to buy one,Neutral
372,DC  thought ki deelip chhanariya,Neutral
373,"Another claustrophobic car ðŸš™ especially if seated in the back seat,  with the tiny windows",Negative
374,"That brand of vehicle is not well known where I am from, however it looks attractive inside and out.",Positive
375,"Duster ke ORVM manufacturer DACIA ke daamad hai, (thoda toh upgrade kar lete bhai)",Neutral
376,â¤just pure ðŸª™ gold...bring it by 2024 ..else u lose the game battle,Neutral
377,"its a brutal update, everything looks very similar and there is a 70% chance that this model may fail....mark my words",Negative
378,Safari strome ko bhi relaunch kr do please ðŸ˜¢,Neutral
379,It's doubtful whether renault will be in india by 2025.,Negative
380,make way to the real trend setter...ðŸ”¥,Positive
381,Who hurt duster,Neutral
382,Look Similar like jeep compass ðŸ˜‚ðŸ˜‚ðŸ˜‚ðŸ˜‚ðŸ˜‚,Neutral
383,"Nowhere close to the first gen models. The new ones look so generic and run of the mill. Nothing like the diesel Dusters of before. They were powerful, spacious and fuel efficient. And they sold for terrific low prices. Owners still covet their old Dusters even today.",Positive
384,"i have only been living in india for the past 2 years so i am a bit unfamiliar with the duster and terrano but considering the hype and all isnt the engine displacement a bit small for a suv this big? its like using the yaris engine on a prado, do correct me if im wrong about the  engine being too small",Negative
385,Renault again getting too late to get the duster in indian market. It will get outdated as all other brands will launch more competitive suvâ€™s of dusterâ€™s segment till 2025. Either renault should make changes in duster according to that time in 2025 or should not launch it as it will be too late and outdated for 2025 market of india.,Negative
386,This version will never come in india,Neutral
387,The OG is backkk.,Neutral
388,Only hybrid can save renault in indiaðŸ˜…,Neutral
389,4*4 in Petrol Engine is awesome. Hope Tata will go back to complete the work which they missed earlier,Positive
390,"I believe Renault is meant for most affordable with all the minimum requirements without compromise on quality and safety.  Definitely it will be one of the game changer in it's segment along with it's sibling from Nissan. (RNIPL) if it launched in the first three months of the year 2024.  For sure it will be blended with full of latest futures, technology and comfort.  Awaiting for the official confirmation about it's launch.",Positive
391,What about automatic?,Neutral
392,Once upon a time a KING ruled indian roads.....  D U S T E R ðŸ”¥,Neutral
393,Renault as usual late..so many models will be in 2025 and it will be outdated then,Neutral
394,Baby urusâ¤,Neutral
395,Loved the new model but Q3 2025 is way too late for India ðŸ¤¦â€â™‚ï¸,Positive
396,Let you know in 2025,Neutral
397,why fwd?,Neutral
398,"Don't know what was Renault smoking all this while launching junk cars, they should not have stopped new gen dusters",Positive
399,I hope duster gets  1. 4 cylinder diesel manual 2. 4x4 3. 5 star ncap   No other tech needed.,Neutral
400,Did they discontinued the 1.3L 150 hp engine?,Neutral
401,What is the point of giving the news now when the car is coming 2yrs laterðŸ˜£,Neutral
402,Waiting for 4x4 duster to destroy Mahindra's monopoly.,Negative
403,Rugged SUV >> SUV with useless sunroof,Negative
404,Looks rugged.... But Interiors and Features are key to succeed,Neutral
405,2025 ma laa k kaa karogi Renault ka patta hi gul ho javega 2025 ma toh aisen hi chalta ra  toh,Neutral
406,Great joke ...3 cylinder engine  below94 and  130 bhp and 20lakhs budget..ready for underground again' ðŸ˜‚ðŸ˜‚ðŸ˜‚ðŸ˜‚,Positive
407,Renault's Best performing batsman is resting in the pavilion & under 19 team is handling the battle!!! ðŸ˜‚ðŸ˜‚ðŸ˜‚ðŸ˜‚,Positive
408,looks aur features ache hai par engine options abhi bhi thoda cazual hai,Neutral
409,Reno should bring back diesel engines,Neutral
410,2025 long time,Neutral
411,Duster could teach the current crop of SUV a thing or two about style and design of an SUV...always the OG,Neutral
412,Good looking but we want Diesel version,Positive
413,"It will succeed in India if launched next year first quarter or around that timeline. In 2025, it's going to have a hell lot of competition with so many hybrid options.",Positive
414,Interior looks awesome,Positive
415,Don't like rear look,Neutral
416,No dieselðŸ˜¢,Neutral
417,ADAS - The imperative of time in India,Neutral
418,everything is perfect but launch in 2025 is too late,Positive
419,Diesel engine should there.,Neutral
420,After the captur I have no hope that this will come in even a slightly international level form. It will be some nonsense that vaguely looks like this and nothing more. Perhaps using the kwid chassis and engine/transmission,Neutral
421,All that plastic on the front and rear bumpers is a bad idea. Those bits get scraped and dented so often in metro cities in India. With plastic those marks or dents (cracks rather) will be permanent unless you replace the whole plastic portion. With metallic parts you can get the dents repaired at any third-party repair shop and even get them repainted at certain workshops for cheaper than what the manufacturer would charge for replacing the plastic bits. I hope Renault reconsiders that option for the India launch.,Neutral
422,GOOD NEWS! THE DACIAâ€¦DUSTERâ€¦ The what?,Positive
423,FESTIVAL SEASON OF 2025 !! LOL THAT'S 2026 and Goodbye to Renault ðŸ˜¶â€ðŸŒ«ï¸,Positive
424,Without Diesel Engine Reno Duster could not success in India.,Negative
425,Hope this is more safer than creta and seltos,Positive
426,Time for EV or hybrids Renault has no tech i suppose,Neutral
427,Renault should respect the love India gave to duster n launch new duster in India in coming months ... otherwise stop.operating in India,Positive
428,Looks fire!,Neutral
429,"new buyers are now more watching global ncap rating not only featuers & mileage, generally indian version are always cut down version from foreign to restrict in budget range",Neutral
430,Will it really come to india,Positive
431,No ventilated seats! It's very important for Indian climate,Positive
432,Oh no! Anyway..,Neutral
433,Late of 2025. We will have plenty of superior options by then. This will feel like noob product at that time.,Positive
434,The Duster will get a sunroof for sure. My leaks are never wrong. (If you've seen my comments ie),Positive
435,2025ðŸ˜…ðŸ˜‚ðŸ˜®ðŸ˜¢,Neutral
436,Nice design,Positive
437,Only one question when its going to be launch in India ? Atleast a official announcement.,Neutral
438,Big question mark? Only next gen people can wait till 2025ðŸ˜…ðŸ˜‚,Neutral
439,Have 110 now. Next one is this or thar 5 door.,Neutral
440,In India it is sure to miss out on a lot of features and qualityâ€¦â€¦,Positive
441,If it will launch in diesel powertrain than it will standout from its competition,Neutral
442,Okay. This looks like a bad guy turned good guy. ðŸ«  original duster looks mean and muscular.,Positive
443,Why still toomuch plasticðŸ˜¢,Neutral
444,If these engines will come to india duster will fail tell them to bring 2.0 liter and 2.4 liter engines will click in india,Negative
445,"Okay, so creta and seltos are SUVs and DUSTER is Crossover. Greeat Hypocrite Autocar",Positive
446,Iske interiors auto wale he honge ðŸ˜… just like earlier models,Neutral
447,Will the duster get a sunroof model in ðŸ‡®ðŸ‡³ ðŸ˜‚ðŸ˜‚,Neutral
448,plastic quality looks too cheap for a 20 lacs car,Positive
449,Duster won't cut. We need the Terrao from Nissan.,Neutral
450,Magnite Kiger  Duster need sunroof.,Neutral
451,"All over the world, this segment of cars are called compact cross overs or compact SUVs. It is funny how Indian car journalists call these cars Mid-size SUVs, Scorpio-N is a mid-size SUV. Creta, Seltos, Duster and all are compact crossover SUVs.",Positive
452,This should come in electric too,Neutral
453,Sounds like a rumour...just to clear the pending stock. Ford did the same thing ...they just fooled Indians with glimpse of upcoming mid size suv and facelifted ecosport,Neutral
454,Without diesel ðŸ˜µ,Neutral
455,Festive season 2025? This is hilarious. Why talk about a car so ahead of it's launch? The world will change so much before this car comes.,Positive
456,"Wait, did I hear 2025!!!! By that time, the market would be too flooded",Neutral
457,Renault shud launch it as it is in India.,Neutral
458,OG crossover,Neutral
459,2025 ???? Are u kidding me?,Neutral
460,ÐšÐ°Ðº ÑÑ‚ÐµÐ¼Ð½ÐµÐµÑ‚ Ð±ÑƒÐ´ÐµÐ¼ Ð±Ñ€Ð°Ñ‚ÑŒ,Neutral
461,"By the time it comes to India, renault will be planning to leave India",Neutral
462,It would've been perfect had it had an automatic with the awd system..,Positive
463,Pathetic engines,Negative
464,"Love the design !!.I seriously miss conventional headlamp design, I don't where the Indian Automakers got the idea of making DRLs and Headlamps in place of Fog Lamps a new standard. It's okay with some SUVs, but for all of them is absurd.",Neutral
465,creta hogayaa,Neutral
466,No diesel and no proper 1.5 petrol and only 3 cylinder  Whyyy ðŸ˜¢ again,Neutral
467,Germans and french automobile companies never took indian market seriously specially in below 30 lakh segment,Positive
468,"Looks great. I hope it gives tough competition to Creta and Seltos.  I think new Duster should include Panoramic Sunroof, Ventilated seats, ADAS features, because the people in that category looks for features and a TV more than the car itself.  But for enthusiasts like me, just offer a 1.6L or 1.5L Turbo-petrol engine or a 1.5L diesel engine.",Positive
469,"Excited for the new duster, but 2025 is too late",Neutral
470,Strong hybrid will be super hit.,Positive
471,"It has to be at least 20% cheaper than Hyundai Creta, model to model, for it to be successful.  If it is 20 lac, I don't think many will like that as a proposition. I certainly won't. I would rather buy cheaper Harrier.",Positive
472,"Ecosport and Duster in a way are very similar. These two were the segments first, then the segment leader for a long time and then the biggest looser simply because of the brand's inability or simply unwillingness to adapt to the Indian market",Neutral
473,Looks so good!!!!,Positive
474,Loved it. 2024 launch needed. 2025 will be too late for Renault India,Positive
475,"Well, this is seriously bring the success Renault has been missing for sometime...bring it Renault bring it as soon as possible.",Neutral
476,2025 is too far away Best everyone let's go to Italy and settle there No crappy nonsense on Diesel engines are the cause of pollution thing The 1.6mjd in bs6 guise is still around Buy a Fiat Tipo and enjoy,Positive
477,2025!? ðŸ¤­,Neutral
478,2025 great year to launch duster.Till then Indian will not buy any SUV,Positive
479,"I was excited until I heard 2025 launch . Turbo petrol with mild / strong hybrid is welcome . But bit of confusion still lies , is it going to have proper 4*4 or just AWD ?",Positive
480,2025 launch ðŸ¤ðŸ¤,Neutral
481,Are those headlights pickup from volvo xc ?,Neutral
482,"I like it , I donâ€™t know why the hate comments ..muscular , mafia style  Just feels little long for a 5 seater",Negative
483,No sunroof???,Neutral
484,Great car....what not understood its late launch in India. Are we not significant for Renault  ????,Positive
485,2025 is too long,Neutral
486,Looks like the Citroen C3 Aircross. What a cheap design.,Positive
487,2025 is toooooooo far away........ Which is saaaaaad ðŸ˜¢ðŸ˜¢ðŸ˜¢,Neutral
488,Very late to party pushpa,Negative
489,"Strong hybrid may be deal breaker but but but.......  Launch 2025ðŸ˜®ðŸ˜®ðŸ˜® They are slow slow and slow by the time they launch , Toyota may come up to hydrogen fuel cell",Negative
490,SO is this actually coming to India? At first it looks like a DC concept car.,Positive
491,Cheap copy of brezza and safari ðŸ¤£,Positive
492,India launch date,Neutral
493,Wowâ¤â¤ðŸŽ‰,Neutral
494,I want diseal engine,Neutral
495,2025!? Renault-Nissan need to bring this by Q3 2024 or it's an RIP to both,Neutral
496,Low budget hummer ðŸ˜‚,Neutral
497,Not worth the money and diesel engine option not available here in India totally waste for price,Negative
498,OG ðŸ”¥,Neutral
499,It won't come they just tease it to show that they r here. Fact is that they are packing,Neutral
500,Thats so futuristic,Neutral
501,Plz Renault we want Diesel.. I'll buy it Anytime....PS only if they launch the diesel in India....ðŸ™ƒ,Neutral
502,Also Tata CURVV on its way,Neutral
503,sasta urus,Neutral
504,Finally duster looks like a duster and not a sweeper ðŸ§¹,Neutral
505,Waiting,Neutral
506,Not so good,Positive
507,Old duster is a uniqueness . . . Which is real rugged on tat stage . . . . â¤,Positive
508,oh my it looks simply stunning ðŸ˜ðŸ’–,Positive
509,I own a duster diesel 110. Love It!,Positive
510,Hope this comes to India within 1st quarter 2024 â¤,Neutral
511,Finally!Wait is over,Neutral
512,Og compact suv is back in the game ðŸ”¥ðŸ”¥ðŸ”¥ sure give tough competition to the current compact suv cars in India,Neutral
513,Good,Positive
514,Awesome car.. Waiting for it!!!,Positive
